,leiden
AAACCTGAGAATGTTG-1,0
AAACGGGAGCCCAACC-1,0
AAACGGGAGGTACTCT-1,0
AAACGGGCACTCGACG-1,0
AAACGGGCAGGGTATG-1,5
AAACGGGGTAGTACCT-1,2
AAACGGGTCATGCAAC-1,0
AAAGATGAGAGGTTAT-1,0
AAAGATGCAGTAGAGC-1,2
AAAGCAAAGCGTCAAG-1,0
AAAGCAAAGGCGACAT-1,0
AAAGCAACAGACGTAG-1,3
AAAGCAAGTACTTGAC-1,3
AAAGCAAGTTTGGGCC-1,3
AAAGCAATCCATGAAC-1,1
AAAGTAGAGGAATGGA-1,1
AAAGTAGGTAAACGCG-1,2
AAAGTAGTCGCAGGCT-1,0
AAAGTAGTCGTGGTCG-1,0
AAATGCCAGCCAGTTT-1,3
AAATGCCGTGTTTGGT-1,1
AAATGCCGTTGCTCCT-1,0
AAATGCCTCCACGACG-1,1
AACACGTAGCTGATAA-1,0
AACACGTCACTTAAGC-1,5
AACACGTGTCTTGTCC-1,0
AACACGTTCAATCACG-1,1
AACCATGAGCAGCCTC-1,1
AACCATGCACATGACT-1,7
AACCATGCATCGGGTC-1,1
AACCATGTCGTAGGTT-1,0
AACCGCGAGCTAGTGG-1,0
AACCGCGGTTCCCGAG-1,3
AACCGCGGTTCCTCCA-1,0
AACGTTGAGGCTATCT-1,0
AACGTTGCATGACGGA-1,0
AACTCAGCAGGCTGAA-1,1
AACTCAGGTGAAGGCT-1,0
AACTCAGTCAAACAAG-1,3
AACTCCCAGGCATGGT-1,1
AACTCCCTCACCGTAA-1,0
AACTCTTAGAGGTTAT-1,1
AACTCTTAGATCCCAT-1,2
AACTCTTAGTATGACA-1,1
AACTCTTGTCGTTGTA-1,7
AACTCTTGTTCGGGCT-1,0
AACTCTTTCAACGGGA-1,2
AACTCTTTCAGAGCTT-1,0
AACTCTTTCGGCGGTT-1,4
AACTGGTCAGGGAGAG-1,0
AACTGGTGTTCTGGTA-1,1
AACTTTCAGTGCCAGA-1,0
AACTTTCCATCGACGC-1,5
AACTTTCGTGGACGAT-1,5
AACTTTCTCTTCGGTC-1,0
AAGACCTCAAACCTAC-1,0
AAGACCTGTAAGGATT-1,0
AAGACCTGTACATCCA-1,0
AAGACCTGTCAAACTC-1,0
AAGCCGCCAAGCCTAT-1,0
AAGCCGCCATGTAAGA-1,0
AAGCCGCGTTTGTTTC-1,0
AAGGAGCAGACAGACC-1,1
AAGGAGCAGAGGTTGC-1,0
AAGGAGCCAGACAGGT-1,1
AAGGAGCGTGAGGGTT-1,7
AAGGCAGCACGGCGTT-1,0
AAGGCAGCAGCTCGAC-1,1
AAGGTTCTCAACACCA-1,0
AAGGTTCTCTCTTGAT-1,0
AAGTCTGAGAGATGAG-1,3
AAGTCTGAGGAGTAGA-1,4
AAGTCTGGTAGCGTCC-1,1
AAGTCTGTCAGTACGT-1,0
AAGTCTGTCGTTTATC-1,0
AATCCAGCAAGCCCAC-1,6
AATCCAGGTCCCTTGT-1,2
AATCCAGTCACTATTC-1,1
AATCCAGTCCTTTCTC-1,4
AATCGGTCACATCTTT-1,0
AATCGGTTCACCACCT-1,0
AATCGGTTCCGAGCCA-1,0
ACACCAAAGAAGGTTT-1,0
ACACCAACAAGGTGTG-1,0
ACACCAAGTTCGTTGA-1,0
ACACCAATCAAACCGT-1,4
ACACCAATCTGCCAGG-1,0
ACACCCTCAATAGCAA-1,1
ACACCCTCATTAGGCT-1,0
ACACCCTGTAAGGGAA-1,0
ACACCGGCACGAGGTA-1,0
ACACCGGTCGGGAGTA-1,4
ACACTGAAGAGGTAGA-1,2
ACACTGAGTTATGTGC-1,0
ACAGCCGAGAAACGCC-1,0
ACAGCCGAGAATTCCC-1,0
ACAGCCGAGGTGCAAC-1,0
ACAGCTAGTTGGTGGA-1,0
ACATACGCACCTCGTT-1,2
ACATACGGTGTAAGTA-1,0
ACATCAGAGCAAATCA-1,2
ACATCAGCACGCGAAA-1,1
ACATGGTAGGGTCTCC-1,0
ACATGGTCAAACTGTC-1,2
ACATGGTTCCTTGACC-1,7
ACCCACTAGACCACGA-1,6
ACCCACTTCCTCGCAT-1,0
ACCGTAAAGACATAAC-1,1
ACCGTAATCAACGGCC-1,0
ACCGTAATCATAACCG-1,0
ACCTTTAAGGAATTAC-1,0
ACCTTTAAGTGTTAGA-1,0
ACCTTTACATCCTTGC-1,0
ACCTTTAGTACGAAAT-1,0
ACCTTTAGTGCAACTT-1,0
ACCTTTATCGTTGCCT-1,3
ACCTTTATCTGGAGCC-1,1
ACGAGCCGTCCATGAT-1,0
ACGAGCCGTTCGCTAA-1,2
ACGAGCCTCTTAACCT-1,0
ACGAGGAGTTACGCGC-1,0
ACGAGGAGTTCCGTCT-1,1
ACGAGGATCCTTGGTC-1,3
ACGATACAGAAACGAG-1,1
ACGATACCAAACTGCT-1,0
ACGATACTCGAATCCA-1,0
ACGATGTAGAAGGCCT-1,3
ACGATGTAGGAACTGC-1,1
ACGATGTAGGAGTTGC-1,2
ACGATGTAGTTAACGA-1,6
ACGATGTCACCAGATT-1,4
ACGATGTGTTCCTCCA-1,6
ACGATGTTCTGGTGTA-1,1
ACGATGTTCTGTCTCG-1,3
ACGCAGCAGGGTGTTG-1,0
ACGCAGCCAAGACGTG-1,1
ACGCAGCCAAGTAATG-1,0
ACGCAGCCATACCATG-1,4
ACGCAGCGTGTGGTTT-1,1
ACGCAGCGTTTAGCTG-1,1
ACGCCAGCACGCTTTC-1,0
ACGCCAGCATGCTAGT-1,1
ACGCCAGTCTCCCTGA-1,0
ACGCCAGTCTGGCGAC-1,0
ACGCCGAAGGATGTAT-1,1
ACGCCGAAGGGATCTG-1,0
ACGCCGAAGGTAAACT-1,5
ACGCCGAGTAGGCATG-1,4
ACGCCGAGTTAAGATG-1,0
ACGCCGAGTTTGACTG-1,0
ACGCCGAGTTTGGCGC-1,0
ACGCCGATCCTCTAGC-1,0
ACGGAGAAGGATCGCA-1,0
ACGGAGACACGGTAAG-1,0
ACGGAGAGTACCGTAT-1,0
ACGGAGAGTATAGTAG-1,0
ACGGAGATCCACTCCA-1,3
ACGGCCAAGAGACTAT-1,0
ACGGCCACAAAGTGCG-1,1
ACGGCCACAATAACGA-1,1
ACGGCCACAGATGGCA-1,4
ACGGCCACAGGATTGG-1,0
ACGGCCACATGCAACT-1,0
ACGGCCATCCGGGTGT-1,0
ACGGGCTGTACGCACC-1,1
ACGGGCTGTCACCTAA-1,1
ACGGGTCTCGCGGATC-1,0
ACGTCAACAGGGTACA-1,5
ACGTCAAGTCTAGGTT-1,1
ACGTCAATCGTCCGTT-1,1
ACTATCTAGACGCTTT-1,7
ACTATCTAGTACGCCC-1,2
ACTGAACAGATCACGG-1,0
ACTGAACAGCAGGCTA-1,0
ACTGAACAGGAGTACC-1,0
ACTGAACAGGAGTTGC-1,0
ACTGAACCAAGCGTAG-1,1
ACTGAGTAGGACAGCT-1,0
ACTGAGTAGGTGACCA-1,0
ACTGAGTTCTGAGTGT-1,1
ACTGAGTTCTGTTGAG-1,0
ACTGATGAGAGCTGGT-1,1
ACTGATGAGTAGCCGA-1,0
ACTGCTCAGATCCTGT-1,4
ACTGCTCCAGTAAGCG-1,0
ACTGCTCCATCTCCCA-1,1
ACTGTCCAGACCTTTG-1,1
ACTGTCCCACTGTGTA-1,0
ACTGTCCTCAGGCGAA-1,0
ACTGTCCTCAGTTTGG-1,0
ACTGTCCTCTTGCATT-1,0
ACTGTCCTCTTGTTTG-1,0
ACTTACTAGCGAAGGG-1,1
ACTTACTCAATCGGTT-1,3
ACTTACTGTGCTGTAT-1,0
ACTTACTGTGTAATGA-1,1
ACTTACTTCTCAACTT-1,0
ACTTGTTAGATAGGAG-1,3
ACTTGTTCAGCGTTCG-1,0
ACTTGTTCATAACCTG-1,2
ACTTGTTTCATACGGT-1,2
ACTTGTTTCCGCGCAA-1,1
ACTTTCAAGCCGGTAA-1,0
ACTTTCAAGGGAAACA-1,2
ACTTTCACAATGTAAG-1,0
ACTTTCAGTTACCAGT-1,0
ACTTTCAGTTGGACCC-1,0
ACTTTCATCTGTACGA-1,0
AGAATAGGTCTAAAGA-1,1
AGAATAGTCACCGTAA-1,1
AGAATAGTCCGCGGTA-1,1
AGAATAGTCCTTGACC-1,5
AGACGTTAGTGCTGCC-1,0
AGAGCGAAGGATATAC-1,1
AGAGCGACACTAAGTC-1,0
AGAGCGAGTTATCCGA-1,1
AGAGCGATCTCGGACG-1,0
AGAGCTTAGCGTTCCG-1,1
AGAGCTTCAGCATGAG-1,1
AGAGTGGAGCCAGAAC-1,1
AGAGTGGGTAAATGTG-1,0
AGAGTGGGTCATCGGC-1,4
AGAGTGGGTGGCAAAC-1,0
AGAGTGGGTGTGCCTG-1,0
AGAGTGGTCATCGGAT-1,4
AGATCTGAGGCGCTCT-1,2
AGATCTGGTTAAGACA-1,0
AGATCTGTCACCCGAG-1,6
AGATTGCGTATTCGTG-1,2
AGATTGCTCGGTGTCG-1,0
AGCAGCCAGAGGTACC-1,3
AGCAGCCCAATGGACG-1,4
AGCATACCACCGCTAG-1,0
AGCATACGTCTTGCGG-1,0
AGCATACTCTGGGCCA-1,5
AGCCTAAAGCCACGCT-1,0
AGCCTAACAGCGAACA-1,5
AGCCTAAGTCATATCG-1,2
AGCCTAATCCTAGAAC-1,1
AGCCTAATCGCAAACT-1,0
AGCGGTCAGACAATAC-1,4
AGCGGTCGTTCGAATC-1,0
AGCGTATAGCCAACAG-1,0
AGCGTATCAACGATCT-1,0
AGCGTATGTGAAATCA-1,0
AGCGTCGCATAAGACA-1,0
AGCGTCGTCCTCTAGC-1,0
AGCTCCTCATTACCTT-1,1
AGCTCCTGTGCGGTAA-1,0
AGCTCCTGTTCCCTTG-1,6
AGCTCTCCAATGTTGC-1,0
AGCTCTCTCAATCTCT-1,2
AGCTCTCTCCCAAGTA-1,3
AGCTCTCTCCGTCAAA-1,0
AGCTTGAAGAGCTGGT-1,0
AGCTTGAAGGCCCGTT-1,0
AGCTTGACAAAGCAAT-1,0
AGCTTGACAAGTAGTA-1,1
AGCTTGACACCACGTG-1,2
AGCTTGAGTCAGAGGT-1,0
AGCTTGAGTCTAGAGG-1,3
AGCTTGATCCATGAAC-1,5
AGGCCACAGTGTGAAT-1,0
AGGCCACCAGCCTTGG-1,0
AGGCCACTCTCCAGGG-1,0
AGGCCACTCTGAAAGA-1,2
AGGCCACTCTTGAGAC-1,0
AGGCCGTAGCTAGTCT-1,1
AGGCCGTCAAGCCATT-1,0
AGGCCGTGTAAGTAGT-1,0
AGGCCGTGTCTCACCT-1,5
AGGCCGTGTCTTCTCG-1,0
AGGCCGTGTGGTAACG-1,0
AGGCCGTTCGTACCGG-1,0
AGGCCGTTCGTCTGAA-1,0
AGGCCGTTCGTTGCCT-1,3
AGGGAGTCACACCGAC-1,0
AGGGAGTCATGTCCTC-1,3
AGGGAGTGTGCAACTT-1,3
AGGGTGAAGAGGACGG-1,4
AGGGTGACAAGTCTGT-1,0
AGGGTGAGTCCATCCT-1,0
AGGGTGAGTTAGGGTG-1,3
AGGGTGATCCGAAGAG-1,0
AGGTCATGTTCGGCAC-1,2
AGGTCATTCTTGTTTG-1,0
AGGTCCGAGAGGTTAT-1,1
AGGTCCGAGTTAGCGG-1,0
AGTAGTCAGATCGATA-1,0
AGTAGTCCAGCTCGAC-1,3
AGTAGTCGTAAGGGCT-1,3
AGTAGTCTCTAGCACA-1,0
AGTGAGGCAATGAAAC-1,0
AGTGAGGCAGACAAAT-1,0
AGTGGGAGTCAGAGGT-1,2
AGTGGGAGTCCCGACA-1,4
AGTGGGAGTCTGCGGT-1,0
AGTGGGATCCGAGCCA-1,1
AGTGGGATCTGTGCAA-1,0
AGTGTCAGTGCGCTTG-1,2
AGTGTCAGTGTATGGG-1,1
AGTTGGTAGAACAACT-1,1
AGTTGGTCAAGTTGTC-1,2
AGTTGGTCAGATGGGT-1,0
AGTTGGTGTAAAGGAG-1,0
AGTTGGTTCATCGCTC-1,0
AGTTGGTTCGTTACAG-1,0
ATAACGCGTCTTCAAG-1,4
ATAACGCTCAGTTGAC-1,0
ATAACGCTCGTGGACC-1,1
ATAAGAGTCAACGAAA-1,0
ATAAGAGTCAGTCCCT-1,5
ATAAGAGTCTCAAACG-1,0
ATAGACCAGATCCGAG-1,0
ATAGACCAGCACAGGT-1,1
ATAGACCAGCTAAGAT-1,1
ATAGACCGTCAGAGGT-1,0
ATAGACCTCTGGTGTA-1,7
ATCACGACACGGCTAC-1,1
ATCACGACATCCCACT-1,0
ATCACGAGTGCACCAC-1,1
ATCACGATCTGATACG-1,0
ATCATCTCAGACAAAT-1,4
ATCATCTCATTTGCTT-1,1
ATCATGGCATCGGACC-1,0
ATCATGGCATGACATC-1,0
ATCATGGGTCACCTAA-1,0
ATCATGGGTCCTGCTT-1,1
ATCATGGGTTATGTGC-1,0
ATCCACCCATTAGGCT-1,4
ATCCGAAAGTGCGTGA-1,1
ATCCGAATCAAACCAC-1,1
ATCCGAATCGTTACGA-1,3
ATCGAGTCAGCGTTCG-1,0
ATCGAGTCATACTCTT-1,0
ATCTACTAGCACCGCT-1,0
ATCTACTAGGACTGGT-1,0
ATCTACTAGGTAAACT-1,3
ATCTACTAGTAGTGCG-1,4
ATCTACTAGTGAACAT-1,0
ATCTACTCAAGTCATC-1,3
ATCTACTGTTCAGTAC-1,0
ATCTACTGTTCCCGAG-1,0
ATCTACTGTTTGACTG-1,0
ATCTACTTCATCGGAT-1,0
ATCTACTTCGTGGGAA-1,3
ATCTGCCGTCCATGAT-1,2
ATCTGCCTCATTGCGA-1,1
ATCTGCCTCCCTGACT-1,0
ATGAGGGTCAGTGCAT-1,0
ATGCGATCACCAACCG-1,0
ATGCGATGTCAAGCGA-1,4
ATGGGAGCAAGGTTTC-1,5
ATGGGAGCACGGTAGA-1,7
ATGGGAGCAGGGTACA-1,0
ATGGGAGGTAAGCACG-1,0
ATGGGAGGTATTAGCC-1,0
ATGGGAGTCACTCCTG-1,2
ATGTGTGGTATAGGGC-1,3
ATTACTCGTGTGCGTC-1,0
ATTACTCTCAGGCAAG-1,0
ATTACTCTCGGCATCG-1,2
ATTACTCTCTTGCCGT-1,2
ATTATCCAGGCTAGAC-1,0
ATTATCCCACAAGTAA-1,0
ATTATCCCATAACCTG-1,0
ATTATCCTCGCCAAAT-1,3
ATTCTACCATCACGAT-1,1
ATTCTACGTTCAGTAC-1,0
ATTGGACAGGCTCAGA-1,2
ATTGGACCACCTCGGA-1,0
ATTGGACGTACCATCA-1,0
ATTGGACGTTGGGACA-1,0
ATTGGACTCCTATTCA-1,0
ATTGGTGCAATGGAGC-1,0
ATTGGTGCATTAACCG-1,0
ATTGGTGGTACAAGTA-1,3
ATTGGTGGTACAGTTC-1,3
ATTGGTGGTCGTTGTA-1,0
ATTTCTGCAAGGTGTG-1,0
ATTTCTGTCGCATGAT-1,0
ATTTCTGTCGTAGATC-1,2
CAACCAACAATGCCAT-1,0
CAACCAACAGACTCGC-1,0
CAACCAACAGCTGTGC-1,1
CAACCAATCACCTTAT-1,0
CAACCAATCGCACTCT-1,0
CAACCAATCGTGACAT-1,2
CAACCAATCTCGTTTA-1,0
CAACCTCAGATCCGAG-1,0
CAACCTCGTTTGTTTC-1,1
CAACCTCTCACGAAGG-1,1
CAACCTCTCTGAGGGA-1,1
CAACTAGAGAGTGACC-1,2
CAACTAGAGCCAGGAT-1,0
CAAGAAAGTCAACTGT-1,0
CAAGATCAGAATTGTG-1,0
CAAGATCAGTACATGA-1,2
CAAGATCCATCGGACC-1,0
CAAGGCCAGGATGGAA-1,7
CAAGGCCCACATAACC-1,0
CAAGGCCCACCTCGGA-1,0
CAAGGCCTCAAACCAC-1,0
CAAGTTGAGACTAGGC-1,0
CAAGTTGAGGGTTCCC-1,2
CAAGTTGCATTGCGGC-1,1
CAAGTTGTCACAGGCC-1,2
CAAGTTGTCACCGGGT-1,1
CAAGTTGTCTTCTGGC-1,2
CACAAACAGAATAGGG-1,1
CACAAACAGCTAAGAT-1,0
CACACAAAGCAAATCA-1,0
CACACAAAGTACATGA-1,0
CACACAATCCACGCAG-1,0
CACACAATCTGTCAAG-1,0
CACACCTAGCTGGAAC-1,1
CACACCTAGGGTGTGT-1,0
CACACCTCAAACCCAT-1,2
CACACCTCAGGAACGT-1,0
CACACCTTCGGCATCG-1,1
CACACTCAGCCAGAAC-1,0
CACACTCAGGCTCTTA-1,1
CACACTCGTCATGCAT-1,0
CACACTCGTGGGTCAA-1,3
CACACTCTCAAACGGG-1,2
CACAGGCCAAGTACCT-1,0
CACAGGCCATGGTAGG-1,0
CACAGGCTCAGTACGT-1,3
CACAGTAAGTTACCCA-1,0
CACAGTACAATGCCAT-1,0
CACATAGCAAGCGTAG-1,0
CACATAGCATGTCGAT-1,0
CACATAGGTGCAGACA-1,0
CACATTTAGCTGAACG-1,3
CACATTTCACACTGCG-1,0
CACATTTCACGTCAGC-1,0
CACATTTCATGCCACG-1,2
CACATTTGTCAACTGT-1,0
CACCACTCACCTCGGA-1,0
CACCACTCAGAGTGTG-1,0
CACCACTCAGCATACT-1,3
CACCACTGTGCAACTT-1,0
CACCACTTCTTAGCCC-1,0
CACCTTGCAACACCCG-1,1
CACTCCACATTCTTAC-1,2
CACTCCATCCTCGCAT-1,0
CAGAATCAGGCGCTCT-1,6
CAGAATCCAAACTGTC-1,3
CAGAATCGTCCTGCTT-1,2
CAGAATCGTGAGGCTA-1,1
CAGAATCTCAGCACAT-1,0
CAGAGAGCAATGTAAG-1,2
CAGAGAGCATCGTCGG-1,5
CAGAGAGGTGACGGTA-1,1
CAGAGAGGTTCGTGAT-1,0
CAGAGAGTCCTTGGTC-1,0
CAGAGAGTCGGAATCT-1,1
CAGAGAGTCTGTCTAT-1,0
CAGATCAAGGAGTACC-1,2
CAGATCACACTACAGT-1,0
CAGATCACATGGTCTA-1,0
CAGATCACATTACGAC-1,0
CAGATCAGTAGCCTCG-1,1
CAGATCAGTGAAATCA-1,3
CAGATCATCCCAAGAT-1,0
CAGCAGCAGTCAAGCG-1,4
CAGCAGCGTTAAAGTG-1,6
CAGCAGCTCACTTACT-1,0
CAGCAGCTCAGTTCGA-1,0
CAGCAGCTCCTAGAAC-1,0
CAGCAGCTCCTCGCAT-1,4
CAGCATAAGGCCATAG-1,6
CAGCATAGTCCGACGT-1,0
CAGCATAGTTCACGGC-1,5
CAGCATATCAAACGGG-1,0
CAGCATATCATTGCGA-1,3
CAGCCGACATCCTAGA-1,2
CAGCCGAGTCTAACGT-1,1
CAGCCGATCAGTTGAC-1,1
CAGCGACAGAAGCCCA-1,0
CAGCGACAGGATGGAA-1,1
CAGCGACAGGCCCTCA-1,0
CAGCGACAGTTGCAGG-1,1
CAGCGACCACCATCCT-1,0
CAGCGACGTCTCCACT-1,0
CAGCGACGTCTTCGTC-1,2
CAGCTAAAGAAGGTTT-1,0
CAGCTAAAGACAGACC-1,0
CAGCTAAAGTCACGCC-1,2
CAGCTAACAGCTTCGG-1,1
CAGCTAAGTAAGGGCT-1,0
CAGCTAATCGGAGCAA-1,0
CAGCTGGGTCAGGACA-1,0
CAGGTGCAGACTCGGA-1,0
CAGGTGCAGTGGCACA-1,0
CAGGTGCGTAAATACG-1,1
CAGGTGCGTCAACTGT-1,1
CAGGTGCGTCAAGCGA-1,1
CAGGTGCGTCAGTGGA-1,0
CAGGTGCTCAAGGTAA-1,3
CAGGTGCTCGCACTCT-1,0
CAGTAACGTAGAAGGA-1,0
CAGTCCTAGAGACTAT-1,5
CAGTCCTCATATACCG-1,1
CAGTCCTCATGTCTCC-1,0
CAGTCCTGTCATACTG-1,3
CAGTCCTTCCGAATGT-1,0
CATATGGAGAAACGAG-1,0
CATATGGAGGACACCA-1,0
CATATGGAGTGCCATT-1,0
CATATGGCACATGTGT-1,0
CATATTCAGACGCACA-1,0
CATATTCAGCGTTGCC-1,4
CATATTCCAATCGAAA-1,0
CATATTCCATTCTCAT-1,2
CATATTCTCAAGGTAA-1,0
CATATTCTCACGCATA-1,4
CATCAAGCACGGCGTT-1,6
CATCAAGCAGGTCTCG-1,2
CATCAGACAATGGAAT-1,1
CATCAGAGTGAGGGAG-1,0
CATCCACAGAAGAAGC-1,0
CATCCACAGAATCTCC-1,0
CATCCACAGCGCTTAT-1,2
CATCCACAGCTAGCCC-1,6
CATCCACAGGCTCAGA-1,0
CATCCACCAATGGAAT-1,6
CATCCACCACATTCGA-1,3
CATCCACCACCATCCT-1,2
CATCCACCATGATCCA-1,0
CATCCACGTGCACTTA-1,2
CATCCACTCTTAACCT-1,6
CATCGAACAATAGAGT-1,0
CATCGAACACTTAACG-1,0
CATCGAACATGTCTCC-1,0
CATCGAACATTAACCG-1,7
CATCGAAGTAGAAAGG-1,0
CATCGAAGTTGACGTT-1,0
CATCGGGAGCACACAG-1,0
CATCGGGGTCGTGGCT-1,0
CATCGGGGTGCCTTGG-1,0
CATCGGGGTTAAAGTG-1,0
CATCGGGTCGACCAGC-1,2
CATCGGGTCTACTATC-1,0
CATGACAAGCGTAATA-1,2
CATGACACAAGCCATT-1,0
CATGACACACAACGCC-1,0
CATGACACACAAGTAA-1,0
CATGACACACCCAGTG-1,4
CATGACAGTGGTGTAG-1,0
CATGACAGTTCCCTTG-1,3
CATGACATCAGCTGGC-1,0
CATGACATCATAACCG-1,1
CATGCCTAGATTACCC-1,0
CATGCCTAGGTAAACT-1,2
CATGCCTCACGACGAA-1,0
CATGCCTCAGGTCGTC-1,0
CATGCCTTCGAATCCA-1,0
CATGCCTTCGCAAACT-1,2
CATGCCTTCGGAATCT-1,0
CATGGCGAGCCAGTAG-1,0
CATGGCGAGCCGGTAA-1,0
CATGGCGAGGTGTGGT-1,7
CATGGCGGTCCGAATT-1,3
CATGGCGGTTGTACAC-1,0
CATTATCCACAAGCCC-1,0
CATTATCTCACCATAG-1,2
CATTATCTCAGAAATG-1,0
CATTATCTCATGCTCC-1,1
CATTCGCAGTAGCCGA-1,0
CATTCGCCATGGATGG-1,0
CATTCGCGTCCCTTGT-1,0
CATTCGCGTGGTACAG-1,7
CATTCGCTCACTTACT-1,1
CATTCGCTCAGTGCAT-1,4
CCAATCCAGACAAAGG-1,0
CCAATCCAGCTCAACT-1,2
CCAATCCGTTGATTGC-1,2
CCAATCCGTTTAGCTG-1,0
CCAATCCTCTGAGTGT-1,1
CCACCTAAGGGATCTG-1,0
CCACCTAAGTGGTCCC-1,1
CCACCTAAGTTCGCAT-1,3
CCACCTACAGCGTAAG-1,0
CCACCTAGTCTCGTTC-1,0
CCACCTAGTGTGAAAT-1,0
CCACGGAAGAAGGCCT-1,0
CCACGGACACAGAGGT-1,0
CCACGGACAGCTGCAC-1,0
CCACGGATCAGGCGAA-1,0
CCACGGATCCTTTCTC-1,0
CCACTACAGATAGTCA-1,4
CCACTACAGCTATGCT-1,2
CCACTACAGGTGATAT-1,0
CCACTACCACACTGCG-1,1
CCACTACCACGTTGGC-1,0
CCACTACGTAAGGATT-1,0
CCACTACGTATGAAAC-1,0
CCACTACTCCCAAGAT-1,3
CCACTACTCGACCAGC-1,5
CCACTACTCTACTATC-1,7
CCAGCGAAGACAATAC-1,0
CCAGCGACACAGGCCT-1,1
CCAGCGACATAAAGGT-1,0
CCAGCGAGTAAGGGCT-1,0
CCAGCGATCAGCTCTC-1,7
CCATGTCAGCTCAACT-1,3
CCATGTCAGCTGTCTA-1,3
CCATGTCCAAGACACG-1,0
CCATGTCCAATGACCT-1,1
CCATGTCTCAGAGCTT-1,0
CCATTCGAGTTCCACA-1,0
CCATTCGGTCCATCCT-1,5
CCATTCGTCGGAGCAA-1,7
CCCAATCCACCTCGGA-1,2
CCCAATCGTCGTCTTC-1,7
CCCAGTTAGACAGAGA-1,0
CCCAGTTCAGACAAAT-1,0
CCCAGTTTCAGTTTGG-1,1
CCCTCCTAGCGATATA-1,0
CCCTCCTCAAAGGCGT-1,0
CCCTCCTGTCTGCCAG-1,4
CCCTCCTTCAAACCAC-1,2
CCGGGATCAGGTTTCA-1,2
CCGGGATGTAGCTCCG-1,0
CCGGGATTCATGTAGC-1,0
CCGGGATTCCAATGGT-1,1
CCGGTAGCACGGATAG-1,3
CCGTACTGTACCGCTG-1,0
CCGTGGAAGGTACTCT-1,6
CCGTGGAAGGTGGGTT-1,0
CCGTGGACACATCCGG-1,0
CCGTGGAGTCCATGAT-1,0
CCGTGGATCCTTGGTC-1,3
CCGTTCACAAGAAGAG-1,0
CCGTTCACAAGACACG-1,2
CCGTTCACATCAGTCA-1,1
CCGTTCATCTGCTGTC-1,7
CCGTTCATCTTCCTTC-1,0
CCTAAAGAGAACAACT-1,0
CCTAAAGAGGAATTAC-1,4
CCTAAAGCAACAACCT-1,0
CCTAAAGTCTAACGGT-1,5
CCTAAAGTCTACTATC-1,5
CCTACACAGGATATAC-1,2
CCTACACAGTGGCACA-1,0
CCTACACCACCGCTAG-1,1
CCTACCAAGCTAGCCC-1,0
CCTACCACACATGTGT-1,0
CCTACCATCCGAACGC-1,5
CCTAGCTAGTGTCCAT-1,0
CCTAGCTCACAAGCCC-1,0
CCTAGCTGTTGTACAC-1,1
CCTATTAGTATAAACG-1,2
CCTATTAGTTTGACTG-1,0
CCTATTATCTGGTGTA-1,0
CCTCAGTAGGTTACCT-1,1
CCTCAGTCAATGGAGC-1,0
CCTCAGTCATTCACTT-1,2
CCTCAGTGTACTCAAC-1,3
CCTCAGTGTGTGGTTT-1,0
CCTCTGAAGAGTGACC-1,0
CCTCTGAAGGCTAGGT-1,2
CCTCTGACATCGATTG-1,0
CCTCTGAGTAATTGGA-1,0
CCTCTGATCCTCTAGC-1,1
CCTTACGAGACCGGAT-1,4
CCTTACGAGCTGTTCA-1,0
CCTTACGAGGGTCTCC-1,0
CCTTACGAGGGTTCCC-1,2
CCTTACGCAAGCTGAG-1,0
CCTTACGCATGGGAAC-1,3
CCTTACGGTGGGTCAA-1,1
CCTTACGTCGAACGGA-1,1
CCTTACGTCGCGCCAA-1,0
CCTTCCCAGGCGATAC-1,3
CCTTCCCGTCCTCCAT-1,0
CCTTCCCTCCCAAGAT-1,4
CCTTCCCTCTGTTTGT-1,1
CCTTCGAAGGACCACA-1,3
CCTTCGACATGGATGG-1,0
CCTTCGAGTGCAGTAG-1,0
CCTTCGAGTGCTTCTC-1,1
CCTTCGATCAATCACG-1,0
CCTTCGATCATTTGGG-1,1
CCTTTCTAGATCCGAG-1,1
CCTTTCTAGCCCGAAA-1,0
CCTTTCTAGCGTCTAT-1,7
CCTTTCTCAGTTAACC-1,1
CCTTTCTTCGTTACAG-1,1
CGAACATGTAACGCGA-1,2
CGAACATGTTAAGAAC-1,0
CGAATGTAGCTTATCG-1,0
CGACCTTAGTCACGCC-1,1
CGACCTTCAATGGATA-1,4
CGACCTTGTCGCGGTT-1,1
CGACCTTTCTAACCGA-1,0
CGACTTCGTAATCACC-1,2
CGACTTCTCCAGAGGA-1,2
CGACTTCTCTCGAGTA-1,4
CGACTTCTCTTCGAGA-1,0
CGAGAAGAGGGAACGG-1,2
CGAGAAGCACGCCAGT-1,0
CGAGAAGTCACCTCGT-1,0
CGAGAAGTCTATGTGG-1,3
CGAGCACAGCGCTCCA-1,2
CGAGCACAGGTGTTAA-1,1
CGAGCACCAAGCTGGA-1,2
CGAGCACCAGATTGCT-1,0
CGAGCACTCCACGAAT-1,0
CGAGCACTCCGTACAA-1,0
CGAGCCAAGACTCGGA-1,5
CGAGCCAAGCTGAACG-1,0
CGAGCCACAAGTCATC-1,0
CGAGCCACACACCGCA-1,1
CGAGCCACATTGGTAC-1,0
CGATCGGAGGTAAACT-1,0
CGATCGGCAAGAAAGG-1,2
CGATCGGCAATGCCAT-1,0
CGATCGGTCTTATCTG-1,0
CGATCGGTCTTGTTTG-1,4
CGATGGCGTCGCATCG-1,0
CGATGGCGTGACGGTA-1,2
CGATGGCTCTTGTACT-1,0
CGATGTAAGTAGCGGT-1,1
CGATGTAGTGGTCCGT-1,0
CGATGTAGTTTGACAC-1,5
CGATTGACACAGAGGT-1,0
CGATTGACAGATCTGT-1,1
CGATTGATCCCAGGTG-1,0
CGCCAAGCAATTCCTT-1,0
CGCCAAGCATGTAGTC-1,0
CGCCAAGGTATAAACG-1,0
CGCCAAGGTCACCTAA-1,0
CGCCAAGGTGACGCCT-1,0
CGCCAAGTCGGATGGA-1,0
CGCCAAGTCGTAGGAG-1,0
CGCGGTAAGGCAGTCA-1,0
CGCGGTACAAGTACCT-1,1
CGCGGTAGTAGCTGCC-1,0
CGCGGTAGTATTCGTG-1,3
CGCGGTATCAGGCCCA-1,1
CGCGGTATCCCTGACT-1,1
CGCGTTTAGGGTATCG-1,1
CGCGTTTGTGACGGTA-1,0
CGCGTTTTCACGCATA-1,0
CGCGTTTTCAGTACGT-1,0
CGCGTTTTCGTTGCCT-1,0
CGCTATCCATCCGGGT-1,0
CGCTATCCATTCCTCG-1,1
CGCTGGAGTATGAAAC-1,6
CGCTTCACATGGAATA-1,5
CGCTTCAGTTGCTCCT-1,0
CGGACACAGTTAGGTA-1,0
CGGACACAGTTCGCGC-1,0
CGGACACGTGCAGTAG-1,0
CGGACACTCTCCAGGG-1,0
CGGACGTCAGAGCCAA-1,0
CGGACTGAGCATGGCA-1,0
CGGACTGCAAGCTGGA-1,2
CGGACTGCATCCCATC-1,0
CGGACTGGTACTCTCC-1,5
CGGACTGGTGATAAGT-1,3
CGGACTGTCGGAGGTA-1,3
CGGAGCTAGGCGTACA-1,0
CGGAGCTCAGTCAGCC-1,0
CGGAGCTGTAATCGTC-1,0
CGGAGCTTCCAGATCA-1,3
CGGAGCTTCTTGGGTA-1,3
CGGAGTCCAAAGGTGC-1,0
CGGAGTCCATGCAATC-1,3
CGGAGTCGTGAGCGAT-1,0
CGGCTAGAGTACGTTC-1,0
CGGCTAGTCATCATTC-1,0
CGGGTCAAGACCTTTG-1,0
CGGGTCAAGATCTGAA-1,0
CGGGTCAGTCACAAGG-1,0
CGGGTCAGTTCATGGT-1,0
CGGGTCATCACGGTTA-1,0
CGGGTCATCCGTCAAA-1,0
CGGTTAAAGAAGCCCA-1,0
CGGTTAAAGTCGATAA-1,0
CGGTTAAGTTACCAGT-1,1
CGTAGCGGTGCTAGCC-1,1
CGTAGCGTCGCACTCT-1,2
CGTAGGCCAAGCTGAG-1,0
CGTAGGCGTAGCGTGA-1,7
CGTAGGCTCATGGTCA-1,2
CGTAGGCTCTCTGCTG-1,1
CGTCACTAGTAGGCCA-1,0
CGTCACTAGTCCTCCT-1,5
CGTCACTGTACTTGAC-1,0
CGTCACTGTGGCAAAC-1,0
CGTCACTGTTCAGGCC-1,0
CGTCACTTCAACGGCC-1,0
CGTCAGGCAAACTGTC-1,0
CGTCAGGCATTCCTCG-1,2
CGTCAGGTCTACCTGC-1,5
CGTCAGGTCTGGTTCC-1,0
CGTCCATTCTTGCATT-1,0
CGTCTACAGACAGAGA-1,0
CGTCTACAGGACGAAA-1,0
CGTCTACGTCGAACAG-1,5
CGTCTACTCCAAACTG-1,0
CGTCTACTCTTGCCGT-1,0
CGTGAGCAGAGAGCTC-1,0
CGTGAGCAGGATATAC-1,1
CGTGAGCCAAAGGAAG-1,0
CGTGAGCCACTGCCAG-1,2
CGTGAGCGTGTAACGG-1,5
CGTGAGCGTGTGACGA-1,0
CGTGTAAAGAGTCTGG-1,0
CGTGTAAGTACCCAAT-1,1
CGTGTAAGTTAAGACA-1,0
CGTGTAAGTTCATGGT-1,0
CGTGTAATCAAGCCTA-1,0
CGTGTAATCATCATTC-1,0
CGTGTAATCTCGAGTA-1,0
CGTGTCTAGAGGGCTT-1,5
CGTGTCTAGATCCGAG-1,3
CGTGTCTAGCAATCTC-1,0
CGTGTCTAGCACCGTC-1,6
CGTGTCTGTTCCCGAG-1,0
CGTGTCTTCACGCATA-1,0
CGTGTCTTCATATCGG-1,0
CGTTCTGCACGTAAGG-1,0
CGTTCTGGTCGGGTCT-1,0
CGTTCTGGTGCCTTGG-1,0
CGTTGGGCAGAGCCAA-1,3
CGTTGGGGTTATCACG-1,1
CGTTGGGTCACGGTTA-1,0
CTAACTTTCGAATGGG-1,1
CTAAGACCAATAACGA-1,1
CTAAGACGTAGCCTCG-1,1
CTAAGACGTCTAGTGT-1,0
CTAAGACGTTCCAACA-1,5
CTAAGACGTTGATTCG-1,2
CTAAGACTCAAACAAG-1,0
CTAATGGCAGTTCATG-1,0
CTAATGGGTTCCACGG-1,0
CTAATGGTCGTGGACC-1,2
CTACACCCAGCCAGAA-1,2
CTACATTCAATCGGTT-1,0
CTACATTGTCTACCTC-1,0
CTACATTTCAACTCTT-1,0
CTACATTTCCGGGTGT-1,0
CTACCCAAGACGACGT-1,3
CTACCCAGTGTGGCTC-1,1
CTACCCAGTTCCCGAG-1,1
CTACCCATCTTTACGT-1,1
CTACGTCCAATGAAAC-1,1
CTACGTCCAGCTATTG-1,2
CTACGTCCATGCGCAC-1,0
CTACGTCTCATCGATG-1,6
CTAGAGTAGAGACGAA-1,2
CTAGAGTAGCTAAGAT-1,1
CTAGAGTTCTATCGCC-1,1
CTAGAGTTCTTCATGT-1,0
CTAGCCTAGGTAGCCA-1,0
CTAGCCTCAAACCTAC-1,0
CTAGCCTCAGATGAGC-1,0
CTAGCCTCAGGAATCG-1,0
CTAGCCTCATATGAGA-1,3
CTAGCCTGTAGCGCTC-1,1
CTAGCCTGTATAGTAG-1,0
CTAGCCTGTTATCGGT-1,0
CTAGTGAAGGGCTCTC-1,0
CTAGTGACACGCGAAA-1,1
CTAGTGATCCGCGGTA-1,5
CTCACACAGGGAAACA-1,0
CTCACACAGTCTCGGC-1,3
CTCACACCACCTCGGA-1,2
CTCACACCAGAGTGTG-1,1
CTCACACGTTGTCGCG-1,0
CTCACACGTTTCCACC-1,0
CTCACACTCCCTAACC-1,0
CTCACACTCTCCCTGA-1,2
CTCAGAACAGTAGAGC-1,1
CTCAGAATCAGGCCCA-1,3
CTCATTATCAGAGACG-1,2
CTCCTAGAGGGTCGAT-1,0
CTCCTAGCAAATACAG-1,0
CTCCTAGCATGAGCGA-1,3
CTCCTAGCATGCCTTC-1,0
CTCGAAACACCAGCAC-1,0
CTCGAAACATCACGTA-1,0
CTCGAAATCAGCATGT-1,0
CTCGAAATCCCAAGAT-1,5
CTCGAGGCACGTCAGC-1,5
CTCGAGGCATCCGTGG-1,2
CTCGAGGTCCGAGCCA-1,0
CTCGGAGAGAGTCTGG-1,0
CTCGGAGAGGTTCCTA-1,1
CTCGGAGAGTTTGCGT-1,2
CTCGGAGCAATGGAAT-1,0
CTCGGAGGTCATGCAT-1,1
CTCGGGAGTCCGACGT-1,0
CTCGGGATCTCAACTT-1,3
CTCGTACAGAAACCTA-1,0
CTCGTACAGAGGTTGC-1,1
CTCGTACAGCCTTGAT-1,0
CTCGTACAGGTGTTAA-1,2
CTCGTACCAAAGCAAT-1,0
CTCGTACCAAGCCGTC-1,0
CTCGTACGTATGGTTC-1,5
CTCGTACGTTAGTGGG-1,0
CTCGTCAAGCTAGTGG-1,3
CTCGTCAAGGTCATCT-1,0
CTCGTCAGTCTTCTCG-1,0
CTCTAATGTCTGGAGA-1,0
CTCTAATTCACTTCAT-1,7
CTCTAATTCGCTTGTC-1,0
CTCTAATTCTGACCTC-1,7
CTCTACGAGGCAATTA-1,0
CTCTGGTCACGCCAGT-1,0
CTGAAACAGAGCTGCA-1,2
CTGAAACGTTCGTCTC-1,0
CTGAAACTCAACTCTT-1,3
CTGAAACTCGCATGAT-1,1
CTGAAGTAGGCATGGT-1,2
CTGAAGTGTCGCGGTT-1,0
CTGATAGCACTCGACG-1,6
CTGATAGCATTGCGGC-1,2
CTGATAGGTAGAGGAA-1,0
CTGATCCAGATGAGAG-1,0
CTGATCCCAAATTGCC-1,0
CTGATCCCACGAAACG-1,0
CTGATCCGTACAGACG-1,0
CTGATCCTCGGAAATA-1,2
CTGCCTAAGAGTTGGC-1,0
CTGCCTAAGGAGTCTG-1,1
CTGCCTAAGGTTACCT-1,1
CTGCCTACAGCTATTG-1,2
CTGCCTAGTCCGAACC-1,0
CTGCGGAAGACAATAC-1,5
CTGCGGAGTATATCCG-1,7
CTGCGGATCTGACCTC-1,1
CTGCTGTAGGAGTCTG-1,1
CTGCTGTCATTCTTAC-1,1
CTGCTGTCATTGGCGC-1,0
CTGCTGTGTCATATCG-1,6
CTGCTGTTCAACGGCC-1,0
CTGCTGTTCAGCTCGG-1,6
CTGCTGTTCCCACTTG-1,1
CTGCTGTTCGACAGCC-1,2
CTGGTCTAGCAGGTCA-1,3
CTGGTCTAGGATGGAA-1,0
CTGGTCTTCACGATGT-1,0
CTGGTCTTCCTGCAGG-1,1
CTGGTCTTCTGCTGTC-1,1
CTGTGCTCACGAAACG-1,0
CTGTGCTCATACTCTT-1,0
CTGTGCTGTACCGGCT-1,6
CTGTGCTTCCCAAGTA-1,1
CTGTTTAAGATGCGAC-1,0
CTGTTTAAGTGTACGG-1,0
CTGTTTACACATAACC-1,0
CTGTTTACACTCTGTC-1,0
CTGTTTAGTAGTAGTA-1,2
CTGTTTATCACCACCT-1,3
CTGTTTATCGGATGGA-1,3
CTTAACTAGAATGTTG-1,6
CTTAACTAGCGATAGC-1,0
CTTAACTCACCAGGCT-1,0
CTTAACTCACTTAACG-1,1
CTTAACTGTACAGCAG-1,4
CTTACCGAGGAGCGTT-1,2
CTTACCGAGGGATGGG-1,0
CTTACCGCACATTTCT-1,0
CTTACCGCAGTCTTCC-1,0
CTTAGGAAGATGAGAG-1,0
CTTAGGAAGATGCCTT-1,4
CTTAGGAGTAGCGTGA-1,1
CTTAGGAGTATCAGTC-1,0
CTTAGGATCAACGGCC-1,2
CTTAGGATCAGCTCTC-1,1
CTTAGGATCCCGACTT-1,3
CTTAGGATCCTGCCAT-1,2
CTTCTCTAGTAGGTGC-1,0
CTTCTCTAGTCCTCCT-1,6
CTTCTCTCATGTCCTC-1,2
CTTCTCTGTCCCGACA-1,0
CTTCTCTGTCTGATTG-1,0
CTTGGCTAGTCTCAAC-1,0
CTTGGCTCAACAACCT-1,0
CTTGGCTCAGGGTACA-1,0
CTTGGCTCAGTAGAGC-1,0
CTTGGCTGTTTGGCGC-1,0
CTTGGCTTCCTAGAAC-1,0
CTTTGCGAGCTAACAA-1,0
CTTTGCGAGGCAGGTT-1,0
CTTTGCGAGTACGATA-1,0
CTTTGCGCATATGCTG-1,0
CTTTGCGTCCTAGAAC-1,2
CTTTGCGTCCTCGCAT-1,0
CTTTGCGTCTATCGCC-1,1
GAAACTCAGGCAATTA-1,1
GAAACTCAGTACGTTC-1,1
GAAACTCCAGATGGCA-1,0
GAAACTCGTACAGCAG-1,2
GAAACTCTCGATCCCT-1,0
GAAACTCTCGCGGATC-1,0
GAAATGAAGGCAATTA-1,0
GAAATGAGTCATACTG-1,0
GAAATGATCGCACTCT-1,0
GAACATCAGAGACGAA-1,0
GAACATCAGGTGATTA-1,0
GAACCTAAGGTCATCT-1,0
GAACCTACACTTAACG-1,3
GAACCTATCACATGCA-1,0
GAACCTATCATGCAAC-1,0
GAACGGAAGCGATATA-1,1
GAACGGACAGATCCAT-1,2
GAACGGAGTAGTGAAT-1,0
GAACGGAGTTAAGGGC-1,0
GAACGGATCCTCATTA-1,0
GAACGGATCGACCAGC-1,1
GAACGGATCTTGCCGT-1,0
GAAGCAGCAAGTCTGT-1,0
GAAGCAGGTCGACTGC-1,1
GAAGCAGGTTGAGGTG-1,1
GAAGCAGTCACTTACT-1,3
GAATAAGAGTCATCCA-1,3
GAATAAGGTAGAGGAA-1,0
GAATAAGTCGGAAACG-1,0
GAATGAAAGGCGCTCT-1,2
GACACGCAGCAGGTCA-1,2
GACACGCCACTCAGGC-1,2
GACACGCGTCCAACTA-1,1
GACACGCGTCGAAAGC-1,0
GACACGCGTTGGTAAA-1,0
GACAGAGTCACCGTAA-1,3
GACAGAGTCATATCGG-1,0
GACCAATAGCTCCTTC-1,2
GACCAATCAGTCGTGC-1,1
GACCAATCATGCCCGA-1,1
GACCAATGTCAGAGGT-1,6
GACCAATGTCATGCCG-1,0
GACCAATTCTCGTTTA-1,3
GACCTGGTCTGCTGTC-1,0
GACGCGTCACCAGATT-1,0
GACGCGTCACGGTGTC-1,0
GACGCGTGTTCACCTC-1,0
GACGCGTTCGGAGGTA-1,4
GACGGCTGTCTTGATG-1,3
GACGGCTGTTCACGGC-1,0
GACGTGCAGATGGCGT-1,3
GACGTGCAGCGTGAGT-1,5
GACGTGCAGGAATGGA-1,1
GACGTGCTCCTTGGTC-1,0
GACGTTATCCTGCCAT-1,5
GACTAACAGAAGGTTT-1,0
GACTAACAGGCATGTG-1,4
GACTAACCACCCTATC-1,0
GACTAACCATCCAACA-1,0
GACTAACGTTGGACCC-1,0
GACTACACAAGCCATT-1,0
GACTACACAATGCCAT-1,3
GACTGCGGTATTCTCT-1,0
GACTGCGGTTACCAGT-1,2
GAGCAGATCTGAGGGA-1,0
GAGGTGAAGCCACGCT-1,0
GAGGTGAAGCGGCTTC-1,0
GAGGTGAAGTACGCGA-1,1
GAGGTGAAGTCACGCC-1,1
GAGGTGACACAAGTAA-1,3
GAGGTGACAGGGAGAG-1,2
GAGGTGACATAAAGGT-1,0
GAGGTGAGTATATCCG-1,5
GATCAGTAGAGGTACC-1,0
GATCAGTAGTACCGGA-1,3
GATCAGTAGTAGATGT-1,5
GATCAGTCACTGCCAG-1,0
GATCAGTGTATTCGTG-1,0
GATCAGTGTGATGTGG-1,0
GATCAGTTCAACACTG-1,2
GATCGATCAAGTCATC-1,1
GATCGATGTGTATGGG-1,3
GATCGCGAGATGCCTT-1,0
GATCGCGCACCGAATT-1,0
GATCGCGCAGCTGTTA-1,0
GATCGCGGTAAGAGGA-1,0
GATCGCGGTGATAAGT-1,0
GATCGCGTCAGTTCGA-1,5
GATCGTAAGAAACCTA-1,0
GATCGTAAGAGGACGG-1,0
GATCGTAAGATGTGGC-1,0
GATCGTAAGTATCGAA-1,0
GATCGTAGTTAGATGA-1,0
GATCTAGAGCCACCTG-1,5
GATCTAGGTACGACCC-1,1
GATCTAGGTTTGTTTC-1,1
GATCTAGTCCAGAAGG-1,1
GATGAAACAAAGGTGC-1,0
GATGAAAGTCAAAGAT-1,3
GATGAAAGTCCAGTAT-1,2
GATGAAATCGACCAGC-1,0
GATGAGGAGTCATGCT-1,2
GATGAGGAGTGTACCT-1,0
GATGAGGCAACTGCTA-1,1
GATGAGGCACGAAGCA-1,0
GATGAGGCAGGCAGTA-1,0
GATGAGGCAGGCTCAC-1,0
GATGAGGGTCGGATCC-1,0
GATGCTAAGATACACA-1,5
GATGCTAAGTAAGTAC-1,0
GATGCTACAGTCACTA-1,2
GATGCTAGTCATACTG-1,1
GATGCTAGTGGTCTCG-1,0
GATTCAGGTACCGGCT-1,0
GATTCAGGTCATACTG-1,0
GCAAACTCACAGACAG-1,0
GCAAACTCATGATCCA-1,2
GCAAACTCATTTCACT-1,0
GCAAACTTCTGTACGA-1,0
GCAATCACACGGCGTT-1,3
GCAATCAGTCCCTTGT-1,0
GCAATCATCTCGAGTA-1,4
GCACATAAGGGTTCCC-1,0
GCACATAGTCTAGAGG-1,2
GCACATAGTGTGCCTG-1,0
GCACTCTCAATGGAAT-1,6
GCACTCTCATACGCCG-1,4
GCACTCTGTCAACATC-1,4
GCACTCTTCTAACTCT-1,0
GCAGCCAAGAACAATC-1,0
GCAGCCACAAAGTGCG-1,0
GCAGCCAGTGGTTTCA-1,5
GCAGTTAAGCACGCCT-1,7
GCAGTTAAGGCCATAG-1,0
GCAGTTACACTCTGTC-1,1
GCAGTTAGTATGAAAC-1,0
GCAGTTATCGCATGGC-1,1
GCAGTTATCTTCTGGC-1,0
GCATACAAGAGCTGGT-1,5
GCATACAAGAGGGCTT-1,0
GCATACATCAAACGGG-1,2
GCATACATCAACGGGA-1,0
GCATGATAGAGGTTAT-1,0
GCATGATAGATGCCTT-1,0
GCATGATAGCTAACTC-1,0
GCATGATAGTGGGTTG-1,3
GCATGCGCACAACTGT-1,6
GCATGCGCACCGAAAG-1,1
GCATGCGGTTGTGGCC-1,0
GCATGCGTCTTCGGTC-1,0
GCATGTAAGCAACGGT-1,1
GCATGTAAGGCGACAT-1,4
GCATGTACAGTCACTA-1,1
GCATGTACATCACGAT-1,1
GCATGTAGTACTCTCC-1,0
GCCAAATGTCGAGTTT-1,2
GCCAAATTCGGTGTTA-1,0
GCCTCTACACACTGCG-1,0
GCCTCTAGTGCCTGGT-1,0
GCCTCTATCTCAACTT-1,4
GCGACCAGTATCGCAT-1,0
GCGACCAGTTCAGCGC-1,0
GCGACCAGTTGCGCAC-1,0
GCGACCAGTTTACTCT-1,1
GCGAGAAAGTATGACA-1,6
GCGAGAAAGTCCTCCT-1,3
GCGAGAACAAGTTCTG-1,0
GCGAGAACACCAGATT-1,6
GCGAGAATCTCCCTGA-1,0
GCGCAACAGGAGCGTT-1,6
GCGCAACAGTGCCAGA-1,1
GCGCAACGTCTAGCCG-1,7
GCGCAACTCCACGAAT-1,0
GCGCAGTCATGACATC-1,0
GCGCCAACAATCCAAC-1,0
GCGCCAATCGTCCAGG-1,0
GCGCCAATCTGGTTCC-1,0
GCGCGATAGACTGTAA-1,2
GCGCGATAGAGACGAA-1,0
GCGCGATAGCAGGTCA-1,3
GCGCGATAGCTGATAA-1,0
GCGCGATGTTCAGTAC-1,0
GCGCGATGTTTGTGTG-1,0
GCGCGATTCAGGCGAA-1,1
GCGGGTTAGCCCAACC-1,2
GCGGGTTAGGCCCTCA-1,1
GCGGGTTAGGTGCAAC-1,2
GCGGGTTGTGAGTATA-1,0
GCGGGTTTCACCTTAT-1,0
GCTCCTACAGTTTACG-1,2
GCTCTGTCACCAGCAC-1,0
GCTCTGTCACCGAAAG-1,3
GCTCTGTGTCGACTGC-1,2
GCTCTGTGTGCTCTTC-1,0
GCTGCAGCACAGGAGT-1,0
GCTGCAGGTAGGCATG-1,0
GCTGCAGTCACATACG-1,0
GCTGCGACAAACGTGG-1,2
GCTGCGACAGTACACT-1,0
GCTGCGACATGGGACA-1,6
GCTGCGAGTCCGACGT-1,0
GCTGCGAGTGTGAAAT-1,2
GCTGCTTAGCGATCCC-1,6
GCTGCTTAGGTGTTAA-1,2
GCTGCTTCAAGAAGAG-1,0
GCTGCTTGTCGAAAGC-1,0
GCTGGGTAGTAGGTGC-1,5
GCTGGGTCAGTAACGG-1,0
GCTGGGTGTATCTGCA-1,1
GCTTCCAAGGTAGCTG-1,0
GCTTCCAAGTGAACGC-1,2
GCTTCCATCTCCAACC-1,3
GCTTGAACAACGATGG-1,0
GCTTGAACAATAGCAA-1,3
GCTTGAAGTCTCTCGT-1,0
GCTTGAATCACCTTAT-1,0
GCTTGAATCAGTACGT-1,0
GGAAAGCAGCCGATTT-1,0
GGAAAGCAGGACAGCT-1,1
GGAAAGCGTACCGTAT-1,0
GGAAAGCTCTCACATT-1,3
GGAACTTAGGCAGGTT-1,0
GGAACTTGTAGGGTAC-1,0
GGAACTTGTGGTCTCG-1,0
GGAATAAAGGGAAACA-1,0
GGAATAACACAGATTC-1,6
GGAATAACAGGATTGG-1,0
GGAATAAGTCCTCCAT-1,1
GGAATAAGTGTGCCTG-1,0
GGAATAATCGAACGGA-1,1
GGACAAGAGGCTCAGA-1,1
GGACAAGAGGGTGTTG-1,0
GGACAAGAGTGAAGAG-1,0
GGACAGAAGGTTACCT-1,0
GGACAGACAGTAAGAT-1,1
GGACATTAGAAGGTGA-1,1
GGACATTAGGGAAACA-1,0
GGACATTCAACCGCCA-1,0
GGACATTGTGAGGGAG-1,0
GGACGTCCAGGACGTA-1,1
GGACGTCCATGCCTAA-1,0
GGACGTCTCGAGCCCA-1,1
GGACGTCTCGCCATAA-1,0
GGAGCAAAGTTCGCGC-1,1
GGAGCAACAACTTGAC-1,4
GGAGCAACACACATGT-1,0
GGAGCAACACGGTAGA-1,0
GGAGCAACATCTCCCA-1,4
GGAGCAAGTACAGTTC-1,1
GGAGCAAGTCAGAAGC-1,0
GGATGTTCAATAGCAA-1,0
GGATGTTCAATAGCGG-1,1
GGATGTTGTAAACGCG-1,0
GGATGTTGTTAGTGGG-1,0
GGATGTTTCCACGACG-1,5
GGATGTTTCCACTGGG-1,7
GGATGTTTCGGTCCGA-1,0
GGATTACAGCTAGCCC-1,4
GGATTACAGTAAGTAC-1,0
GGATTACCACAGGAGT-1,3
GGATTACTCACGAAGG-1,0
GGCAATTAGTAATCCC-1,0
GGCAATTCATCCGGGT-1,0
GGCAATTGTAAACCTC-1,0
GGCAATTGTTGCGCAC-1,0
GGCAATTTCAATCACG-1,3
GGCAATTTCGAGAACG-1,2
GGCCGATCAATCAGAA-1,6
GGCCGATGTAGCGCTC-1,0
GGCGACTAGAGACGAA-1,0
GGCGACTAGCTACCGC-1,1
GGCGACTCACAGAGGT-1,4
GGCGACTCAGAGCCAA-1,2
GGCGACTCAGGTGGAT-1,1
GGCGACTGTGTGGTTT-1,0
GGCGACTTCACTATTC-1,1
GGCGTGTCAATCCAAC-1,0
GGCTCGACACATGTGT-1,0
GGCTCGACATGCCACG-1,3
GGCTCGAGTTAGTGGG-1,0
GGCTGGTGTCTCTCTG-1,0
GGGAATGAGGGCATGT-1,2
GGGAATGCACCAGTTA-1,7
GGGAATGGTCATTAGC-1,0
GGGAATGTCAACACCA-1,1
GGGACCTAGGCCCTCA-1,0
GGGACCTCAGCGATCC-1,2
GGGACCTGTCAGTGGA-1,0
GGGACCTTCACGACTA-1,0
GGGACCTTCGCTTAGA-1,3
GGGAGATAGAGAACAG-1,3
GGGAGATGTCGACTAT-1,0
GGGAGATGTCTGATTG-1,0
GGGAGATTCGCGGATC-1,3
GGGAGATTCGCTTAGA-1,6
GGGATGATCTTCGAGA-1,0
GGGCACTTCCTCAATT-1,0
GGGCACTTCGGAAATA-1,0
GGGCACTTCTAACCGA-1,1
GGGCATCAGCCAGTAG-1,1
GGGCATCTCCGAGCCA-1,1
GGGCATCTCGCAAGCC-1,1
GGGTCTGAGATGCCAG-1,0
GGGTCTGAGCTAACAA-1,0
GGGTCTGAGTGACTCT-1,0
GGGTCTGGTCCGTCAG-1,0
GGGTCTGTCATAACCG-1,1
GGGTCTGTCTACCAGA-1,1
GGGTTGCAGATCCCAT-1,1
GGGTTGCCAATCGAAA-1,0
GGGTTGCGTACCAGTT-1,4
GGGTTGCGTCATTAGC-1,2
GGGTTGCTCAGCTCTC-1,0
GGTATTGAGCCACCTG-1,0
GGTATTGAGTACATGA-1,0
GGTATTGGTCAAACTC-1,1
GGTATTGGTCGCCATG-1,0
GGTATTGGTGCTGTAT-1,0
GGTATTGTCGTGGACC-1,0
GGTGAAGAGCCGATTT-1,1
GGTGAAGGTACCGCTG-1,0
GGTGAAGGTCAGCTAT-1,0
GGTGAAGGTGGTTTCA-1,2
GGTGAAGTCCAATGGT-1,2
GGTGCGTAGAATTGTG-1,0
GGTGCGTAGACGCACA-1,1
GGTGCGTAGGAGTTGC-1,0
GGTGCGTAGGGATACC-1,2
GGTGCGTGTGGTCCGT-1,0
GGTGCGTTCTCTAAGG-1,0
GGTGTTAAGAATGTTG-1,1
GGTGTTACAACTGCGC-1,4
GGTGTTACACATTAGC-1,5
GGTGTTACACCATCCT-1,3
GTAACGTAGCGTGTCC-1,2
GTAACGTCATCAGTAC-1,0
GTAACGTGTAGCTAAA-1,0
GTAACTGGTATGGTTC-1,0
GTAACTGGTCATGCAT-1,0
GTAACTGTCAGCTTAG-1,0
GTAACTGTCTGGCGAC-1,0
GTACGTACATTCTTAC-1,0
GTACGTAGTCCTCTTG-1,2
GTACGTATCGTGTAGT-1,0
GTACGTATCTGCAAGT-1,0
GTACTCCAGTGCCAGA-1,5
GTACTTTAGGATCGCA-1,3
GTACTTTCAGCTATTG-1,3
GTACTTTGTGATGATA-1,4
GTACTTTGTTAAAGAC-1,0
GTACTTTGTTACAGAA-1,0
GTACTTTGTTGATTCG-1,4
GTACTTTTCATCGATG-1,6
GTAGGCCAGACGCAAC-1,2
GTAGGCCCACATTCGA-1,0
GTAGGCCCACGTAAGG-1,2
GTAGGCCCAGCTGTAT-1,0
GTAGTCACATTCCTGC-1,0
GTAGTCAGTAAGTGTA-1,2
GTAGTCATCTGTCTAT-1,3
GTATCTTCACCACGTG-1,0
GTATCTTCATGTCTCC-1,0
GTATCTTTCCCTGACT-1,1
GTATTCTAGCGCCTTG-1,0
GTATTCTAGGGTTCCC-1,0
GTATTCTTCGTCTGCT-1,1
GTCAAGTGTCTTCGTC-1,0
GTCAAGTTCTGCGGCA-1,0
GTCACAAAGCCATCGC-1,0
GTCACAAGTAGCCTAT-1,0
GTCACAAGTCCGACGT-1,3
GTCACAATCTCCGGTT-1,2
GTCACGGGTAAGTAGT-1,2
GTCACGGGTGTTCGAT-1,2
GTCACGGTCGGAATCT-1,0
GTCATTTGTCCGACGT-1,0
GTCATTTTCACTATTC-1,0
GTCATTTTCAGCATGT-1,2
GTCCTCAAGAAACGCC-1,0
GTCCTCAAGGACTGGT-1,2
GTCCTCAAGGGAAACA-1,2
GTCCTCAAGTGTGAAT-1,0
GTCCTCATCAGAAATG-1,0
GTCCTCATCTTCCTTC-1,0
GTCGGGTAGTGAACGC-1,0
GTCGGGTCAACACCCG-1,3
GTCGGGTCAAGTAGTA-1,1
GTCGGGTCAGACGCCT-1,0
GTCGGGTCATCACGTA-1,2
GTCGGGTGTCTAAAGA-1,1
GTCGGGTGTTCATGGT-1,7
GTCGGGTTCGTCCAGG-1,7
GTCGTAAAGAAGAAGC-1,0
GTCGTAAGTCTAGCGC-1,1
GTCGTAAGTTGTGGCC-1,0
GTCTCGTAGGCCATAG-1,0
GTCTCGTCATTGGCGC-1,0
GTCTCGTTCTTATCTG-1,0
GTCTTCGAGCGTAATA-1,1
GTCTTCGAGCTAACTC-1,0
GTCTTCGAGTACGTAA-1,0
GTCTTCGAGTCGTACT-1,0
GTCTTCGCAATCGGTT-1,0
GTCTTCGCAGCTGGCT-1,1
GTCTTCGGTACTCAAC-1,2
GTCTTCGGTCGGGTCT-1,0
GTCTTCGGTCGTGGCT-1,0
GTCTTCGTCTGGTTCC-1,3
GTGAAGGAGCACGCCT-1,0
GTGAAGGTCGGCGCAT-1,0
GTGCAGCAGAGGTTAT-1,2
GTGCAGCGTAAACGCG-1,0
GTGCAGCGTGCTCTTC-1,0
GTGCATAAGTGGGATC-1,0
GTGCATAGTCCAAGTT-1,0
GTGCGGTGTCTAAACC-1,0
GTGCGGTTCGATGAGG-1,1
GTGCTTCAGGAATTAC-1,0
GTGCTTCAGGAGTAGA-1,0
GTGCTTCTCGTGGGAA-1,0
GTGGGTCAGGCTCAGA-1,2
GTGGGTCAGTATTGGA-1,2
GTGGGTCAGTTACCCA-1,1
GTGGGTCGTTTAGCTG-1,1
GTGTGCGAGCGCCTCA-1,0
GTGTGCGAGTCTCGGC-1,0
GTGTGCGCAGACGCTC-1,4
GTGTGCGTCTTCAACT-1,0
GTGTTAGAGAAGCCCA-1,3
GTGTTAGCACAGAGGT-1,5
GTGTTAGTCAGGTAAA-1,0
GTGTTAGTCCCATTTA-1,0
GTTAAGCAGGGTGTGT-1,7
GTTAAGCAGTCAATAG-1,0
GTTAAGCCACGGTAGA-1,0
GTTAAGCGTTAGATGA-1,1
GTTAAGCTCTTGTATC-1,1
GTTAAGCTCTTTCCTC-1,3
GTTACAGGTGCGCTTG-1,2
GTTCATTAGAGTCGGT-1,0
GTTCATTGTCTTCAAG-1,0
GTTCATTGTGCCTGTG-1,0
GTTCATTGTTAAGATG-1,0
GTTCGGGCAATGAAAC-1,0
GTTCGGGCAATGGATA-1,1
GTTCGGGGTAGCGCTC-1,0
GTTCGGGTCTACTCAT-1,1
GTTTCTATCCCTCTTT-1,0
TAAACCGGTCATATCG-1,2
TAAACCGTCTGCAGTA-1,0
TAAGAGAAGAAGGACA-1,0
TAAGAGAAGGACAGCT-1,2
TAAGAGAGTCTGATCA-1,0
TAAGAGATCCACGAAT-1,1
TAAGAGATCTGTCAAG-1,0
TAAGCGTCAGTATAAG-1,2
TAAGCGTGTTCCACGG-1,0
TAAGCGTTCGGAAACG-1,0
TAAGTGCAGCTCAACT-1,0
TAAGTGCCACTTCTGC-1,2
TAAGTGCCAGGCTCAC-1,1
TAAGTGCGTCTTCGTC-1,0
TAAGTGCGTTCCGGCA-1,0
TACACGATCTTCGGTC-1,5
TACAGTGAGCATGGCA-1,6
TACAGTGCAAGACACG-1,3
TACCTATCAAGTTGTC-1,0
TACCTATCATGCTAGT-1,2
TACCTATTCACAGGCC-1,5
TACCTATTCCACGTTC-1,0
TACCTTAAGATGTGGC-1,1
TACCTTACATATGGTC-1,0
TACGGGCGTATGGTTC-1,1
TACGGGCGTCTAAAGA-1,3
TACGGGCGTCTCCATC-1,0
TACGGTAAGGATGGAA-1,3
TACGGTACATGCGCAC-1,0
TACGGTATCTCTAGGA-1,2
TACGGTATCTTTACGT-1,6
TACTCGCAGCATCATC-1,0
TACTCGCCAACTGCTA-1,0
TACTCGCGTCCAGTGC-1,2
TACTCGCTCACAACGT-1,0
TACTCGCTCCAGTATG-1,0
TACTCGCTCCCAACGG-1,1
TACTTACAGAAGAAGC-1,0
TACTTACCAGATGGGT-1,0
TACTTACTCTGACCTC-1,1
TACTTGTAGGAGCGTT-1,0
TACTTGTAGGATGTAT-1,0
TACTTGTAGTCCTCCT-1,0
TACTTGTGTCATATCG-1,0
TAGACCAGTGCCTTGG-1,3
TAGACCATCGCGGATC-1,1
TAGACCATCTTGCATT-1,3
TAGAGCTAGACGCACA-1,5
TAGAGCTAGGCGATAC-1,4
TAGAGCTGTCACCTAA-1,1
TAGAGCTGTCTAGCCG-1,0
TAGAGCTTCGTCTGCT-1,0
TAGAGCTTCTAACTGG-1,0
TAGCCGGGTCTCTCTG-1,2
TAGGCATAGCAGACTG-1,4
TAGGCATAGCTCCCAG-1,0
TAGGCATCAGGGAGAG-1,5
TAGGCATCATTGCGGC-1,0
TAGGCATGTCTGCCAG-1,0
TAGGCATGTGGACGAT-1,4
TAGGCATTCAGCTGGC-1,0
TAGTGGTAGATTACCC-1,0
TAGTGGTAGGCCCTTG-1,7
TAGTGGTGTAAGGATT-1,0
TAGTGGTGTAATAGCA-1,2
TAGTTGGAGATCCGAG-1,0
TAGTTGGAGGCGACAT-1,0
TATCAGGAGCTAACTC-1,2
TATCAGGCATCGTCGG-1,0
TATCAGGTCCGCAGTG-1,7
TATCAGGTCTGACCTC-1,0
TATCTCAAGCAGCGTA-1,0
TATCTCAGTACCTACA-1,0
TATCTCATCGGCTTGG-1,0
TATGCCCAGCGCTCCA-1,0
TATGCCCGTTGCTCCT-1,0
TATGCCCTCAGTGTTG-1,3
TATGCCCTCCTAGTGA-1,0
TATTACCAGGCATTGG-1,1
TATTACCAGTCCCACG-1,0
TATTACCAGTCCGGTC-1,2
TATTACCAGTGTACTC-1,6
TATTACCCACCAGCAC-1,1
TATTACCCATCCCATC-1,0
TATTACCTCGCCGTGA-1,0
TATTACCTCGTTACGA-1,0
TCAACGAAGAGGTACC-1,0
TCAACGAAGAGTCGGT-1,1
TCAACGAAGTTGTAGA-1,0
TCAACGACACACATGT-1,4
TCAACGACACAGGCCT-1,0
TCAACGACACTATCTT-1,5
TCAACGAGTGCCTGTG-1,0
TCAACGAGTTGAGGTG-1,0
TCAACGATCCACGAAT-1,1
TCAACGATCGTTGCCT-1,2
TCAATCTAGACCTAGG-1,0
TCAATCTGTGCCTGGT-1,7
TCAATCTTCACCAGGC-1,0
TCAATCTTCCCGGATG-1,0
TCAATCTTCCTCGCAT-1,1
TCAATCTTCGCATGAT-1,6
TCACAAGAGCAGGCTA-1,0
TCACAAGAGGATATAC-1,3
TCACAAGAGGTTACCT-1,1
TCACAAGGTAAATGTG-1,1
TCACAAGGTCTTCGTC-1,0
TCACAAGGTCTTTCAT-1,0
TCACGAACACACAGAG-1,0
TCACGAACAGCTGCTG-1,0
TCACGAAGTCGCATCG-1,1
TCACGAAGTTCACCTC-1,0
TCACGAAGTTCAGACT-1,0
TCACGAATCATGTCCC-1,0
TCACGAATCTTTCCTC-1,2
TCAGATGAGTGGTCCC-1,1
TCAGCAAAGCACCGTC-1,1
TCAGCAAAGCGTGAAC-1,2
TCAGCAAAGTACGACG-1,0
TCAGCAACAAGTAATG-1,1
TCAGCAACATCACCCT-1,0
TCAGCAAGTTATCACG-1,0
TCAGCAATCTGTGCAA-1,2
TCAGCTCAGAGAGCTC-1,0
TCAGCTCCAATGAATG-1,5
TCAGCTCCACGCGAAA-1,0
TCAGCTCCATTTCAGG-1,0
TCAGCTCTCCCAACGG-1,1
TCAGGATGTAAGAGGA-1,0
TCAGGATGTGCTTCTC-1,0
TCAGGTAAGACTGGGT-1,0
TCAGGTATCACCACCT-1,1
TCATTACTCATGTGGT-1,0
TCATTTGGTTTACTCT-1,0
TCATTTGTCAACGAAA-1,0
TCATTTGTCCAAACAC-1,2
TCATTTGTCGGAGGTA-1,1
TCCACACAGTTAACGA-1,2
TCCACACTCAATCTCT-1,1
TCCCGATAGGGTATCG-1,1
TCCCGATAGTCCGGTC-1,1
TCCCGATTCCATGAGT-1,0
TCGAGGCAGACTTTCG-1,0
TCGAGGCAGCCGATTT-1,1
TCGAGGCCAAGCCGTC-1,0
TCGAGGCCACCTCGTT-1,0
TCGAGGCGTCTCATCC-1,7
TCGCGAGGTCCCTTGT-1,5
TCGCGAGTCCCAAGAT-1,0
TCGCGAGTCTCCAACC-1,0
TCGCGTTAGTCCCACG-1,4
TCGCGTTTCATTCACT-1,0
TCGGGACGTAGCTGCC-1,0
TCGGGACGTGTGACGA-1,1
TCGGGACTCACTCTTA-1,3
TCGGGACTCGCTAGCG-1,7
TCGGTAAAGGCTCAGA-1,3
TCGTACCAGTTACCCA-1,0
TCGTACCCATTCTTAC-1,6
TCGTACCGTAAAGTCA-1,0
TCGTACCTCGCCAAAT-1,4
TCGTACCTCGCGGATC-1,3
TCGTACCTCTACCAGA-1,0
TCGTAGAAGAACAACT-1,6
TCGTAGAAGAGTACAT-1,0
TCGTAGAAGCGTCAAG-1,0
TCGTAGAAGTCCATAC-1,0
TCGTAGACAGGACCCT-1,2
TCGTAGACATAAGACA-1,0
TCGTAGAGTACTCTCC-1,1
TCGTAGAGTGAACCTT-1,1
TCGTAGAGTTACAGAA-1,0
TCTATTGCAGATCCAT-1,0
TCTCATAAGTTAGCGG-1,1
TCTCATACACCGAAAG-1,0
TCTCATACACTTACGA-1,0
TCTCATAGTACCGCTG-1,0
TCTCATAGTTCGAATC-1,0
TCTCATAGTTCTCATT-1,0
TCTCATATCTCGTATT-1,1
TCTCATATCTTGCAAG-1,0
TCTGAGACAGCTGTGC-1,0
TCTGAGATCTTTAGTC-1,2
TCTGGAACAGGAATCG-1,0
TCTGGAAGTGTGAAAT-1,0
TCTGGAATCCAGGGCT-1,0
TCTGGAATCTAACGGT-1,0
TCTTCGGAGATCACGG-1,6
TCTTCGGAGATCTGAA-1,0
TCTTCGGAGATGTGTA-1,3
TCTTCGGAGCGAAGGG-1,2
TCTTCGGAGTTACGGG-1,0
TCTTCGGAGTTGTAGA-1,0
TCTTTCCCAAACAACA-1,1
TCTTTCCCATTCGACA-1,3
TCTTTCCGTCTGATTG-1,0
TCTTTCCGTGCGATAG-1,2
TCTTTCCTCGTACGGC-1,0
TGAAAGACAAAGAATC-1,0
TGAAAGAGTGTAAGTA-1,5
TGAAAGATCCTTAATC-1,0
TGACAACCAGACGCAA-1,0
TGACGGCAGAAGGTTT-1,0
TGACGGCAGATGTAAC-1,0
TGACGGCAGTAGCCGA-1,1
TGACGGCCATGTAGTC-1,0
TGACGGCTCGGCGGTT-1,0
TGACTAGAGAACAACT-1,0
TGACTAGAGAGACTAT-1,3
TGACTAGAGCTACCGC-1,6
TGACTAGAGGCTCATT-1,0
TGACTTTAGGTTACCT-1,1
TGACTTTAGTAGGTGC-1,0
TGACTTTGTTGTCTTT-1,0
TGACTTTGTTTGCATG-1,0
TGACTTTTCAGCTGGC-1,2
TGAGAGGAGGGAAACA-1,0
TGAGAGGAGTGTTGAA-1,1
TGAGAGGCACGTAAGG-1,1
TGAGAGGTCAACGGCC-1,0
TGAGCATCACATAACC-1,1
TGAGCATGTGATGTGG-1,2
TGAGCATGTTTGACTG-1,0
TGAGCCGAGTAGATGT-1,0
TGAGCCGCAGATGGCA-1,0
TGAGCCGCAGCCAGAA-1,0
TGAGCCGGTTCCCTTG-1,0
TGATTTCAGAGCTATA-1,0
TGATTTCAGTTTCCTT-1,4
TGATTTCGTAGCGTCC-1,1
TGATTTCGTCTCGTTC-1,0
TGCACCTGTATGGTTC-1,0
TGCACCTGTCACACGC-1,0
TGCACCTGTTCTCATT-1,1
TGCACCTGTTTGTGTG-1,0
TGCACCTTCACCAGGC-1,1
TGCACCTTCGATGAGG-1,0
TGCCAAAAGTAGGCCA-1,1
TGCCAAACACGACGAA-1,1
TGCCAAAGTGCAGTAG-1,1
TGCCAAAGTGTGCCTG-1,0
TGCCAAAGTTGCTCCT-1,1
TGCCCATAGAATTGTG-1,2
TGCCCATAGATCCCGC-1,1
TGCCCATGTCTAGTCA-1,1
TGCCCATGTGAGGCTA-1,2
TGCCCTAAGGCCATAG-1,2
TGCCCTAGTGCCTTGG-1,0
TGCGCAGAGCTGCAAG-1,1
TGCGCAGCAGGTCCAC-1,1
TGCGCAGCATGTCCTC-1,3
TGCGCAGGTATTACCG-1,2
TGCGCAGGTCAGAATA-1,1
TGCGGGTCACCCATTC-1,0
TGCGGGTCAGGCGATA-1,1
TGCGGGTGTACTCTCC-1,0
TGCGGGTTCTTACCGC-1,0
TGCGTGGTCTTGCATT-1,0
TGCTACCGTAAACACA-1,0
TGCTACCGTATGAAAC-1,1
TGCTACCGTTACCAGT-1,3
TGCTACCTCACATGCA-1,0
TGCTGCTAGGGATCTG-1,0
TGCTGCTCAAGCTGAG-1,1
TGGACGCAGAGTCTGG-1,5
TGGACGCCATTAGGCT-1,0
TGGCCAGAGAATGTTG-1,0
TGGCCAGAGACCGGAT-1,1
TGGCCAGCACACATGT-1,0
TGGCCAGTCTCGAGTA-1,2
TGGCGCACACGGTAGA-1,1
TGGCGCAGTCCATCCT-1,0
TGGCGCAGTGCACGAA-1,3
TGGCGCAGTGGCAAAC-1,2
TGGCGCATCCCAACGG-1,0
TGGCTGGCATCCAACA-1,0
TGGGCGTAGCGTTTAC-1,0
TGGGCGTAGTGAAGAG-1,0
TGGGCGTGTCTGGAGA-1,0
TGGTTAGAGATCCTGT-1,1
TGGTTAGAGGAATTAC-1,4
TGGTTAGAGGACATTA-1,0
TGGTTAGCATTTGCTT-1,0
TGGTTAGGTACCGCTG-1,0
TGGTTAGGTAGTACCT-1,0
TGGTTAGTCGCCTGTT-1,1
TGGTTCCCACCCAGTG-1,4
TGGTTCCGTTCCACAA-1,0
TGGTTCCTCCTCATTA-1,0
TGTATTCAGGACGAAA-1,1
TGTATTCGTCAGTGGA-1,5
TGTATTCTCAGGTAAA-1,0
TGTCCCAAGTGCCAGA-1,1
TGTCCCACAATAAGCA-1,0
TGTCCCACATCGGTTA-1,0
TGTCCCAGTCCAGTAT-1,5
TGTCCCAGTCTTCAAG-1,1
TGTCCCAGTTTCCACC-1,0
TGTCCCATCTTACCTA-1,0
TGTGGTAAGGACATTA-1,0
TGTGGTAAGTACTTGC-1,1
TGTGGTAGTATAATGG-1,1
TGTGGTAGTTCTCATT-1,1
TGTGGTATCATTGCCC-1,3
TGTGGTATCCAGAAGG-1,0
TGTGGTATCCGTTGCT-1,0
TGTGTTTGTTGGTGGA-1,4
TGTTCCGGTAGCTCCG-1,1
TGTTCCGTCCTCCTAG-1,0
TTAGGACAGGTTCCTA-1,1
TTAGGACGTCTAAACC-1,0
TTAGGACGTTGCGTTA-1,0
TTAGGACTCAAGGCTT-1,0
TTAGGCACAATAGCGG-1,1
TTAGGCACAGCGTCCA-1,0
TTAGGCACATCGGGTC-1,1
TTAGGCACATGGAATA-1,2
TTAGGCAGTCTAGCCG-1,0
TTAGGCAGTTAAGGGC-1,0
TTAGGCAGTTTGTTGG-1,3
TTAGGCATCCCTAATT-1,1
TTAGGCATCGTTGACA-1,0
TTAGTTCCAGATGGCA-1,0
TTAGTTCGTGGTTTCA-1,1
TTAGTTCGTTTAGCTG-1,0
TTATGCTAGAGTAAGG-1,0
TTATGCTGTTCCGGCA-1,1
TTCCCAGCAGTCAGAG-1,6
TTCCCAGCATCAGTAC-1,0
TTCCCAGGTCTCTTAT-1,0
TTCCCAGTCATGTGGT-1,0
TTCCCAGTCCAATGGT-1,0
TTCCCAGTCGGCGGTT-1,2
TTCCCAGTCTTGCAAG-1,0
TTCGAAGCATACTCTT-1,0
TTCGAAGCATCGGGTC-1,0
TTCGAAGGTACATCCA-1,2
TTCGAAGGTCTCCCTA-1,0
TTCGAAGGTGTCCTCT-1,1
TTCGAAGTCAGCTGGC-1,0
TTCGAAGTCTGGTATG-1,0
TTCGGTCAGAGTCTGG-1,0
TTCGGTCCAGGTGCCT-1,0
TTCGGTCGTACCAGTT-1,3
TTCTACAAGGTACTCT-1,0
TTCTACAAGTCCGGTC-1,0
TTCTACAAGTCCTCCT-1,0
TTCTACAGTGAGGGTT-1,0
TTCTACATCGTACCGG-1,0
TTCTCAAAGATGGCGT-1,0
TTCTCAAAGTACCGGA-1,0
TTCTCAAAGTTCCACA-1,0
TTCTCAACAGTATAAG-1,0
TTCTCAACATACGCTA-1,1
TTCTCAACATCACCCT-1,4
TTCTCAACATTAGGCT-1,1
TTCTCAAGTCCAGTGC-1,7
TTCTCCTAGTGTCCCG-1,0
TTCTCCTCACTGCCAG-1,0
TTCTCCTCAGATGGCA-1,0
TTCTCCTGTTACTGAC-1,1
TTCTCCTTCAGAGACG-1,0
TTCTCCTTCAGCGATT-1,0
TTCTTAGAGGGTATCG-1,0
TTCTTAGTCTTGAGGT-1,6
TTGAACGAGCTGTCTA-1,0
TTGACTTGTGGTAACG-1,2
TTGACTTGTGTGGTTT-1,0
TTGACTTTCACTTCAT-1,0
TTGACTTTCGATAGAA-1,1
TTGCCGTCAGTAGAGC-1,0
TTGCCGTCATCCCATC-1,0
TTGCCGTCATGTCGAT-1,0
TTGCGTCAGGCAAAGA-1,0
TTGCGTCCAACTGGCC-1,0
TTGCGTCCACCTCGGA-1,0
TTGCGTCTCTGTACGA-1,0
TTGGAACCAACTGGCC-1,0
TTGGAACCAATGTAAG-1,0
TTGGCAAAGAGCAATT-1,7
TTGGCAACAAAGGTGC-1,3
TTGGCAACAAGTCTAC-1,0
TTGGCAACATGGGAAC-1,0
TTGGCAAGTGGTGTAG-1,0
TTGGCAAGTTATCCGA-1,1
TTGTAGGAGAACAATC-1,1
TTGTAGGCATGGATGG-1,3
TTGTAGGCATGTCGAT-1,0
TTGTAGGTCAAACCGT-1,5
TTGTAGGTCACCCGAG-1,1
TTGTAGGTCACTCCTG-1,2
TTGTAGGTCATTGCCC-1,1
TTTACTGAGACTAGGC-1,3
TTTACTGAGATCCTGT-1,0
TTTACTGAGATGAGAG-1,7
TTTACTGAGTTAGGTA-1,0
TTTACTGCATAGAAAC-1,0
TTTACTGGTCAAAGCG-1,0
TTTACTGGTGTGGTTT-1,0
TTTATGCAGACCACGA-1,0
TTTATGCAGCCAACAG-1,0
TTTATGCAGCCATCGC-1,0
TTTATGCAGGTAGCTG-1,0
TTTATGCCAACCGCCA-1,0
TTTATGCGTCCTCTTG-1,0
TTTATGCGTGGTAACG-1,0
TTTCCTCCAAATCCGT-1,0
TTTCCTCCAATAGAGT-1,0
TTTCCTCGTAACGCGA-1,0
TTTCCTCTCACTCCTG-1,2
TTTCCTCTCTCACATT-1,1
TTTCCTCTCTCCGGTT-1,0
TTTGCGCAGAGAACAG-1,1
TTTGCGCAGAGACGAA-1,1
TTTGCGCAGCTAACTC-1,0
TTTGCGCAGGCGCTCT-1,3
TTTGCGCTCGCACTCT-1,5
TTTGGTTAGAATGTTG-1,1
TTTGGTTAGCACACAG-1,1
TTTGGTTAGTGACATA-1,0
TTTGGTTCAGATCGGA-1,3
TTTGGTTCAGCTCGAC-1,2
TTTGGTTCATGCATGT-1,1
TTTGGTTGTGATAAAC-1,0
TTTGGTTTCAGTTGAC-1,0
TTTGTCAGTCTTTCAT-1,6
TTTGTCAGTGATAAAC-1,4
